,prices,feature1,feature2
0,529.2881023563948,977.8640812343473,1043.455541186565
1,629.1136198234517,803.019108696828,942.8251957904696
2,561.6580256429863,942.7478587571668,956.9467969976228
3,526.9299097981382,1012.6311172823146,875.1561759251535
4,454.1928796033428,813.1926296072272,981.5129050431417
5,587.5364678399937,1063.856444907119,890.8714426009506
6,462.5523267576155,956.024424990702,973.1852043628946
7,735.0638004692479,809.1983144977154,850.903434672221
8,778.1976563006176,867.3240835762521,847.8407277023476
9,430.06491129546663,1086.1027089281938,925.1089223575981
10,675.0350228495988,974.6959199156166,928.0458545331622
11,517.3369518517427,832.2417703306413,880.4327794737617
12,540.8267366563593,886.2633506841685,839.479055110007
13,755.3579829755967,937.0110877581453,811.7631617641691
14,242.62163491873216,806.2850207803191,807.5695481863448
15,252.27757982092442,923.4846540841277,881.4650870019427
16,212.13103846419543,946.8375906304094,938.5560326485811
17,699.5719073287628,873.1033625843696,1017.8729843918381
18,666.8940505699103,976.591700087596,942.4615102142027
19,722.0072889480915,1025.972035877653,1071.2152458305845
20,787.1710053396584,870.7502672316906,810.5659413726221
21,679.4951385300342,986.1499700839963,854.1981864621903
22,476.8876173517591,991.8866728891225,901.5543478310428
23,668.3175057718734,1084.5620903386523,973.2488564195368
24,270.96465552135993,1033.482850188933,1055.8208473681827
25,583.9526127965144,1054.5035809370017,905.0605855869729
26,286.01197244542783,947.1259725308826,880.396604751326
27,766.8013502297504,855.6045760938149,818.5667506528687
28,513.108993050043,1098.7445878878905,1046.391043309431
29,448.79716399431413,838.8067283116098,913.8999329620037
30,358.73336726277614,941.4371958062796,971.4650586250802
31,664.5402136605301,820.427929772632,1095.0666254513662
32,473.6901993299291,1083.1552572052458,800.4783711812884
33,541.0603693211891,1089.4774822545319,843.6350422096598
34,211.27388026181308,1015.8167186011921,1033.7332982058067
35,570.5812982455262,904.9978530890506,1041.5382455623514
36,567.2574336334528,876.3147203352873,1030.7741357098266
37,570.1603981248542,879.5909973611142,961.0996673128489
38,766.2488471087745,838.1882076260224,1093.6570943069169
39,609.09217946209,957.7426859230169,918.8553679985962
40,415.7047403442716,842.5451827104432,980.5831094339337
41,462.2191722796049,895.0191999660369,819.0107013646544
42,618.5787175563589,988.0119427877314,922.9572349722016
43,236.1352829775619,1018.263082877225,1016.7500262529766
44,600.0600292674005,807.2818113866184,871.6216522312097
45,602.3827217708956,929.034795313022,1083.1482767219445
46,326.2295366443045,995.6373784526418,1006.0350102929867
47,277.355778592912,1055.9737928475538,886.2726148572715
48,389.2570105545103,942.5974346636247,1030.699676811757
49,418.22646256557357,1090.7617615153056,824.9494315424328
50,542.1180622507278,879.6897642624342,1092.432326753137
51,463.1609080773922,804.0526119880157,814.7855777220675
52,793.0243028355358,945.1258594105209,1080.0367673446156
53,261.22688644881686,876.8341385060054,875.8561633244783
54,325.3260536569008,1047.1153016069509,1027.3472323072672
55,296.7857107309977,869.8318016543336,800.0221098299319
56,591.8649952792391,893.188765487392,876.2720267538799
57,351.9749615238693,1037.3682293057336,1024.730181994916
58,479.78646371378375,1014.542975607608,959.7008212691967
59,346.65535520096165,967.4153709971788,834.4856448911345
60,295.3817501873118,1011.4844185768278,918.0889237511826
61,266.2250846985831,925.591059071008,912.6648065253628
62,593.7977536791641,801.5930142844004,970.4486732542849
63,282.90977080916826,803.4065385536578,1000.3931217380654
64,317.9494170080321,953.366536272106,1052.249072723675
65,421.23510239657844,824.9872939156998,949.1694190932118
66,692.595937908761,815.3226440507771,917.606515191551
67,258.26076547583676,1089.654991741242,843.1929602286145
68,702.7669444992823,1057.7007918974175,1041.4468894969168
69,257.65904473637784,845.6081681628708,1014.011121624368
70,785.8756790080374,800.1992655770614,922.6032192364056
71,481.19072098862097,1082.500338616927,955.5296929828008
72,786.0566529142022,883.4975894960343,999.5548533235667
73,562.9073118470276,855.7692808566493,849.4416769542613
74,643.5581476389809,1007.4524323494607,808.1593383223761
75,223.5126753525924,832.6711216523979,895.2511097560056
76,369.6841775458457,879.3948794008401,978.6755058908489
77,272.11793672790134,1092.5284040636138,945.9818273844376
78,377.684118513287,991.8388323422031,1007.7663880589381
79,271.2366313725464,956.203337444766,1045.9069416723605
80,390.7899076363856,919.3755844504814,946.5327400190828
81,448.557796708802,1032.3502864652605,840.2801071153475
82,238.48849780927063,842.2872429571081,1055.1883999396898
83,615.4832716220119,1090.2013406110946,972.4970981822344
84,539.9608725239451,1058.336902419736,1021.9812442348612
85,359.23369456366726,985.297094770773,1011.3993960824874
86,513.9488320800199,812.8718571207675,1090.4635313993726
87,256.364306455065,1010.2566948343213,888.5921967007441
88,545.5678973337076,1073.9853022656443,1011.5920318337786
89,757.5777185457284,957.3731202435878,909.7028999377754
90,391.1413714707942,906.2674465481789,918.6232162755925
91,600.446227978209,836.0832034938409,869.1783909976165
92,279.0787174426353,1026.4703312412705,903.2030526952561
93,629.7963224711393,1065.5065553635418,1084.489025497479
94,373.6436557683206,830.0755232227546,887.7712540842803
95,309.9148172042701,1027.6953664257026,873.797181786976
96,551.9077608860499,805.1181458777293,974.9413935421466
97,212.06452771249613,1090.1164754231659,877.4107870225264
98,697.3640175304179,984.5174061905288,942.0157176782885
99,202.81728571552824,965.73171769749,1050.252876966871
100,606.6899220777381,888.7849500766783,869.1200942921527
101,362.0047839152989,1078.787501470935,928.007423655176
102,641.1164132735569,879.7716882010373,983.1469205060096
103,777.3131270704629,1048.4439839650086,963.6886773720456
104,349.25188611197484,1095.5326038011397,1092.4169712245712
105,545.6944006507022,1035.0189936544418,1004.1110763185585
106,555.2251587631034,955.6969761159296,1021.983872614532
107,543.351143474524,819.8222791555015,1090.08678439002
108,333.848979584371,941.7241367513219,924.3314075685563
109,771.649406910191,931.476784091511,906.6139445183154
110,468.2752271705764,860.8388123560985,813.1587289299148
111,707.8452034826767,927.0762910142913,855.2612919556482
112,619.6875651905026,907.3273652241016,871.1568896155028
113,378.4621705130802,849.1052783454945,855.0513401214016
114,688.2786918214863,932.4122429997458,1026.4351679589693
115,437.9034445081908,878.8399868973468,960.7648943828335
116,728.661918266697,956.6187262046793,1000.2901404375402
117,548.7637235815153,810.5480179148583,1046.1386482518121
118,729.0412171129117,1071.8694259361853,869.2321823857684
119,615.5189540466595,1044.9092916559568,897.7771819464498
120,635.1525678917843,965.7743997531513,1012.5080801109791
121,500.79462915602136,1055.542574827173,917.8276837713419
122,773.6501808339343,1088.71852214324,808.7812820303133
123,586.3941195377824,833.1566882157981,930.4865657080634
124,454.3130291349078,989.2495425229412,1072.4819259246242
125,563.8359284767546,1099.3982002806974,922.7064534778624
126,211.5159189856001,1096.3667508000578,899.6746749328241
127,380.9448900047296,980.9968976872234,1096.8575248835082
128,596.104122495611,838.406261135245,993.324669271104
129,374.04656432626643,974.9578492971584,909.7994079413543
130,570.8092573993049,800.6193906723265,830.6058594091422
131,457.2612205674597,859.6734004000579,1036.3548334839263
132,281.28443853347017,1086.8369478679879,1012.4224800463273
133,378.9693955736185,899.1321717808531,1076.5747397745695
134,541.9789464207589,991.5170317330845,865.1826890084025
135,554.5236567489039,884.2578483896727,834.4773049964696
136,544.5951493097473,1084.346566133477,1017.2217579227191
137,591.9204919142802,1018.567618984846,861.0187525996087
138,591.2619620010133,898.8953472744238,852.8311513368488
139,458.85106126038437,1037.5284263541112,895.9422006188216
140,737.9279575106378,832.4496573429013,1045.0475424435313
141,420.53712202873794,917.6956820196378,961.8609815328892
142,461.5189551593761,866.3654383194777,813.7551065306843
143,735.1540130094032,1005.1179341828139,939.1684023977951
144,683.7163934276514,830.7338845315791,1005.1938834099426
145,622.3331501242199,919.1077496848022,961.5105315407047
146,260.13613238738066,882.9949190627569,971.7350654469668
147,751.6895682468041,951.9028757971412,867.4331985177994
148,628.5447797294669,904.9693041511637,1054.3217994786044
149,799.3082039407199,1011.9231733001033,968.4196152773372
150,289.66898279479625,807.3731072920898,1013.973803912203
151,720.8756344209286,990.1960763917723,1094.5592651039908
152,297.4957608058249,869.171386908146,928.4595973023596
153,569.3357385703065,880.6127086270548,1064.3199838029525
154,274.2919897096649,1040.076681075057,802.1843041823375
155,708.8049375933406,1086.6705181941263,810.0221877845361
156,684.3913752350064,894.965063008126,977.083976518645
157,541.460443168756,1048.0415811107227,893.4348186626602
158,444.3099783355998,831.19725139137,874.4829701059101
159,241.50019727308282,990.194495902215,883.3806071626875
160,618.4572638867382,1025.3096898604756,895.5208803831763
161,472.1256096068413,846.7933784103369,1018.6843088430269
162,633.2333596822087,927.8007163008682,970.7587916692834
163,719.8293955571775,1067.8121492746945,1036.7107917678
164,785.3129030017315,831.0735390345117,1049.0589739505156
165,713.4820054355666,805.4289074604426,1052.8804577903848
166,207.02845051100118,977.1756137143801,924.3932447524662
167,415.98683868701835,930.65946215928,926.3820188949232
168,637.9943374544348,1039.6067746651709,1077.879764042175
169,302.97780635686433,1077.036661461232,998.5290783813232
170,512.6219637224776,889.7460933631448,824.1401551937416
171,232.60279300355216,916.5212351507316,962.6560862277405
172,319.99791493784005,945.8816258987945,906.8021778904721
173,211.1130766763684,976.4454381305898,1096.230496914909
174,676.2186220144524,1095.156148904485,804.0966219386878
175,334.35481283622806,1009.1990752490154,983.6542619211674
176,407.21100841814166,916.8645522036707,1017.0869283196574
177,756.8487760793545,879.1303059351386,886.6720314072065
178,622.6486411541197,1083.3877155266373,1092.0924554769597
179,219.1033577187847,840.6645299325519,1057.8609881065133
180,298.81649389874764,1016.0797557514275,1074.6958522957439
181,572.8870408998581,1077.6185075877322,805.7696178054646
182,546.3371531625005,999.3996759603316,970.9616453944427
183,342.7356928247052,926.9163320498363,888.395072586364
184,760.5283987548762,859.6972819776452,1054.7085904806988
185,568.3795735795376,910.2425966755782,989.8548970744887
186,521.3796818149749,1012.0615428260367,961.6631012963329
187,553.9459858127426,994.860267252589,834.3764509026817
188,638.0732177100617,1078.3928499795074,962.0668414358572
189,387.1669972877611,1060.0582740978125,989.571243906928
190,438.9326373296551,1044.8452256799105,1086.7736927930614
191,325.9062493850733,1073.4352626052287,975.5153031271609
192,311.7158035282017,882.9011458211148,1090.2201805236964
193,766.6234339903601,910.8570620418949,1088.4818346819986
194,643.7304770295725,913.9681711358053,995.0601007500793
195,494.27528517054026,968.1351766129341,951.7723952354266
196,336.44877678399394,1000.4654688628314,939.8065231478148
197,352.6138890622358,886.0150049121183,1067.1135683347347
198,234.81749619432537,805.83874019279,808.477004891527
199,460.64997533487247,919.7667150973728,834.1424594070714
200,387.07752919646157,892.5583878663201,830.6215187357456
201,617.8060932892756,1082.6554157054143,1027.0805975363164
202,426.65110357548855,1066.479512163213,901.8953071557604
203,307.7622065357809,1058.093203503026,991.3905634222103
204,214.80723703479873,995.8999282835729,981.1348711527696
205,240.34977887794915,903.2867494096816,915.7483909227595
206,607.6356640991404,964.6547802197914,959.4703166727196
207,472.21810673362717,1044.5675122149119,993.541560071498
208,521.9475266652333,829.5831106168433,1082.2850989634414
209,738.0027758242053,1040.3224640765914,972.6902218582944
210,794.2033684380226,812.3539373984365,984.3102535304943
211,330.13819063908437,1044.9263093643067,820.3567453111326
212,597.8469218600605,1042.2691412479621,1085.6647444280336
213,357.99342604229037,815.3021926486267,958.4245783728159
214,212.3905996794372,988.1482134385575,1040.3820259579766
215,655.0271923016849,950.7359222938692,815.0873189442167
216,392.01029049348074,850.9458509515144,926.2730407211272
217,430.07833650313876,844.5136813032127,877.0926377458105
218,552.9902681321635,1031.977737820107,880.092769606577
219,698.6290731417142,970.3078246510532,1037.4361189882788
220,577.3891061546892,1094.8997404749598,987.1600175806561
221,723.5903932684372,1094.6743331865032,931.9235935528544
222,364.12522088938147,1097.8000980392799,803.175721875918
223,678.8281003475382,835.5846555097298,1089.478382883659
224,311.3815665835713,1081.4768410891886,1088.606976006717
225,771.6749941831667,873.3708827061688,865.2656630840115
226,612.4929658326892,937.4636779275836,812.4039116949671
227,329.3046062681351,1027.2219667465179,959.0598089035707
228,768.4223542933546,861.0862796231696,1085.4232443849223
229,638.5134840620947,969.893481666299,1073.1187537294804
230,352.36498555701553,855.7450244677987,975.398859166819
231,327.9871864204892,831.420832004388,891.0646551961122
232,510.92042835839794,834.9675837288796,898.9882651307588
233,215.39763083271896,907.2917104544656,1069.3740654458084
234,324.48204526466566,801.396451051155,947.535210690673
235,454.8112812509038,927.4561763605069,839.3348686901437
236,424.5019882005353,999.2591315243448,874.5276427920821
237,478.14525461888644,920.5064555011966,883.0384704402497
238,366.5772237768391,825.7383801559505,837.0640054795728
239,552.0706078749013,818.8066586070921,938.9133144563874
240,718.3133635539389,883.4349538294585,1074.8152724824972
241,270.51911357721985,850.7938071630803,1000.6347628976782
242,510.4274642924685,1089.528491965391,821.7421772746568
243,279.24086380709196,845.3690674922256,801.6484453427488
244,630.1158087155562,1041.638731221499,882.8743002407763
245,437.63582168437625,975.8323825223434,908.8078804381821
246,539.2527871151053,970.7860759952883,1033.0249007140328
247,309.96790172844715,953.6242147771354,1090.1016571791101
248,286.90865560602634,1091.5289228341853,916.2701520270631
249,492.8337683893727,909.1534325274913,1006.0070089450584
250,413.3676427099734,1036.3747252861629,1098.4705722058889
251,764.2591671516878,966.5882322400879,1023.6999751625043
252,659.1951522841791,918.6901002877179,990.8568647257533
253,649.1981719103284,1086.6397799917343,823.4224562534913
254,742.2318438475601,979.4947908094061,896.964560358419
255,250.05346126521113,835.6750826438041,1074.017647537147
256,531.315481953444,925.261760299057,860.3016445042717
257,550.6856413734613,1034.4745183044822,1053.0771077819625
258,777.1618271283374,1008.1241069717641,1008.8971055241516
259,375.2885160755293,1074.9020989509722,909.8973112492264
260,344.4972679492681,877.8132152424561,958.752280913797
261,260.1763653592987,1027.458114906147,962.841940625844
262,209.85777775488452,937.9625622183563,1014.2161355221658
263,757.7175900753143,972.0829240900446,954.9667823297589
264,601.949927954546,1086.5140043018848,839.9227970552499
265,671.0917472138826,1093.7858959967532,1032.0364014565737
266,369.03806345236944,1058.477289177669,921.8817490718357
267,551.846099711796,907.7291263190889,1088.9281670635783
268,238.37315967258868,1066.310250718196,885.0541346879103
269,491.37655756077373,991.5827532924238,878.9236340889754
270,786.497083846668,928.999034141214,900.0522187025548
271,725.9031471899544,810.7228047501451,971.6951047875876
272,402.8953711021074,1031.0384372574747,1068.4609220602947
273,776.9420927248991,950.6316742172339,852.8844920420045
274,339.0209758827227,1035.8565498395183,883.903639279766
275,769.5912934494089,1024.406839802981,974.5039529443585
276,764.8266228238991,1038.0702104145055,936.3002726484546
277,679.5215524114351,890.19534760903,934.1968661767175
278,578.2687621200746,1040.2395797202894,1046.220278628922
279,724.5727799749682,964.6538985398502,1077.1634907534083
280,375.812170704678,941.997860134743,944.3920898209645
281,709.3661331877508,1002.5377741462271,1006.2055386341822
282,570.7260151505143,806.4076048815045,1040.3176133082181
283,207.9421146553397,830.6950447662782,955.5099231161491
284,408.34011075933176,887.6532095502566,888.2949226861206
285,288.884516568899,1094.8970329873518,991.4253793166852
286,789.0976338909519,841.9237336594865,975.5327300918177
287,487.02218422399284,899.1788902277631,1070.4688459218833
288,498.4348192991976,815.3159194075771,815.7221110309569
289,583.6835098392341,899.3806640878179,1073.03941614004
290,421.1507636777705,896.0978859532495,960.3296084496079
291,282.1401630113594,1084.0421512833566,804.7028348149742
292,693.2706399165473,1053.546226098716,903.4106536303365
293,313.90874714165477,914.8292657728315,1017.300069162596
294,506.7913895278736,807.4307174117746,946.5299263807499
295,334.5902173848435,1049.3093341986134,1094.0477112322978
296,258.7066906964204,998.160853143362,926.7830221493145
297,717.31491045301,845.7093450953929,897.9905688878023
298,783.7516934138782,1098.8213813030561,1046.5015803288704
299,776.5007948378001,830.0700312272369,964.3720098074094
300,743.9332995327073,1060.1343624780989,1004.6979737187677
301,664.4283996191832,888.2798492389066,1041.7107014116032
302,399.8870912171851,930.6060398975471,1001.428263837686
303,248.66083399279808,1038.6369580328944,926.7222484305994
304,444.34470284828444,1003.2525067982031,837.4389343682902
305,339.34048530256564,1081.3593123332116,974.0744499713901
306,279.49258085478976,986.342097638115,1069.229998018778
307,232.05630907209516,829.3430484437158,925.6677279555245
308,635.3566185263472,1065.3081089725852,1073.2175704528522
309,206.85647517501863,1030.7466574965774,951.0583459347206
310,662.3484491016657,1013.5611352679966,986.252468732743
311,288.16798724022505,816.1200642061206,1049.8965428166928
312,247.71324955205344,918.8668233985233,969.3791328922165
313,253.76182054316322,850.2307458378617,827.290801788669
314,603.2286844123487,1046.5711725223607,1094.2938202401185
315,347.2203259117068,1010.1585868453589,873.7547905738501
316,452.32368000805906,1064.9232791957406,1013.1515985890596
317,534.4212747943502,1089.972532077249,951.5340315853216
318,716.3307042972763,1032.4242842577496,943.6317910453124
319,636.226557626797,1098.2699249662287,873.1822456600675
320,362.1967431432288,984.4309658432896,1016.6452297100312
321,278.88967957467656,811.1388811674343,833.8364794492961
322,233.22459225271876,804.2754545450888,1097.1359928084455
323,380.9591806885655,902.6311625611366,1053.6120611321612
324,357.27088954380696,1047.041515720261,960.3526820017377
325,473.68434008028777,1059.8404118974192,927.3658868174028
326,609.9688013286083,1088.2437586468034,885.9393897379603
327,617.3752673833144,819.5364405646455,950.4774412822303
328,370.1113079493,813.3713332962992,1063.8252386072504
329,427.9561735400723,1073.9850789101101,882.5019202102051
330,308.69057704214185,891.5140095088585,950.1612376409407
331,673.1273073839112,967.3962201828898,870.3649706201093
332,234.10884585994418,1094.733464900213,901.1447340994855
333,618.1983450349924,920.134560420777,857.0781526769997
334,667.217237564662,999.761419492952,1097.1617581763562
335,666.4445371092519,920.2638690895956,971.4492339387367
336,355.65353860721297,1030.458399338834,1019.8445372110086
337,424.28788275953684,958.3144176718597,829.474974035611
338,552.5597811178334,871.256941395905,909.8352650222947
339,363.69314145468024,881.3918303775399,1067.7919409141964
340,422.5116795307332,877.4177637615221,825.3314979271844
341,318.2325681113838,959.6960984775683,849.6449685018839
342,475.91353025360445,1010.9567048046993,987.6252831053506
343,226.76738075246845,1084.7839700129425,986.8366982312675
344,679.8775307423708,1008.226212524894,1051.468113336179
345,246.17386819197964,1034.3578531887172,1080.6478291614264
346,511.3010892989156,850.6778347593697,842.5959426275791
347,384.0860597271177,912.2187875021978,877.8121455580998
348,546.5257692988253,924.1340659574798,928.2384217079767
349,775.660004500055,1005.9140690001419,800.2709856563749
350,587.3421466736023,888.7675929130621,820.9442908879084
351,221.21746145329456,890.9875764258999,867.9473833823065
352,458.24146370483675,906.7667463922604,944.3305892047435
353,506.01011139095016,1043.0906244629696,875.4568214505839
354,521.7064968220711,973.2770270130046,1063.0045676669145
355,608.8355063623028,822.5831839498203,897.2818626626033
356,366.55765863905964,823.4738299071406,1077.3868436427886
357,277.31633927979215,911.3860832847498,1092.436178220413
358,435.6054059282566,1029.9773151818474,934.9584601722736
359,773.8434336775692,1006.6050279436042,868.1386450697971
360,312.27853505050683,1012.394706395356,887.499840026901
361,742.3903729569422,1030.163019816229,1032.9001044978338
362,526.2835700463959,886.1458138658988,882.0049123377773
363,474.1468529874595,964.4768845826263,914.1748603760853
364,729.2248461379337,963.0057920950309,943.572757544555
365,475.1623770611515,1021.8897503539848,972.5333349409952
366,634.5005819669259,1087.061170731694,1098.8301320903715
367,439.4151930218612,883.3969834386397,869.6629265490777
368,742.4266357405746,1037.9845018271144,906.0271109744507
369,614.0150121147365,997.9911645569787,878.8673531031533
370,619.77323255031,974.071361259038,908.3340309931131
371,396.63224093427135,1032.4639338042207,830.2413550683862
372,654.0671856421336,1083.2097399284298,907.9429301723142
373,581.6366332682849,811.0074253608238,1066.3595094393165
374,344.01216402782575,844.2200307539662,889.5769543539348
375,296.32329349115383,1026.8861694503348,911.5804339547207
376,677.834884710399,825.1374058730254,1083.3422493313803
377,775.4999618211335,954.837110222328,1018.5136988980605
378,474.8832963560257,865.9582329924821,955.0216144454146
379,554.5904991942109,882.2887111528255,1033.1578185210321
380,714.6335865161327,1010.5521448833249,836.9538946563512
381,474.3340720123142,809.0578319806135,939.3471059662527
382,771.1246860996417,1061.995828370571,835.4708386207599
383,545.4506972269235,933.343686605681,870.085443505874
384,692.4602724207889,950.7179881721304,842.5601779220776
385,745.306231047643,962.0143891081076,908.5403717507418
386,689.3142912611413,993.6632883738482,914.4917961187778
387,295.64867806937355,903.4569759868244,1084.1925745499723
388,577.3390634370203,830.3322471690474,879.2377193562588
389,439.06055517180624,895.513680999853,941.7286535949551
390,237.62777121400742,850.4426354068461,1043.413821189046
391,454.41935113390514,966.8399538351422,1044.6852759309986
392,355.2104401336446,895.408589288116,1025.102956110506
393,709.4229850571064,1087.4201533980304,886.3501286420219
394,219.9827759280177,1089.7202833940842,948.4914858234072
395,775.3896331180841,986.0377641704724,855.863478556017
396,413.22130908315773,985.2491803001858,856.5198568348412
397,414.02413424152576,1095.6135693701317,930.7523639414933
398,209.79710161022473,1066.1849453705559,1021.5776663728823
399,311.13939514171034,1029.520984747442,957.9752779993514
400,440.75570048216525,894.0771835228104,1066.0049662542356
401,757.5748503816284,909.661708435423,1049.2726393332728
402,259.7689581327628,860.3800297282596,809.4816328461217
403,767.1809200874477,946.1444380752124,970.5257128598648
404,721.6931183279793,1097.110556641874,982.7483793066929
405,472.4974381445311,1073.6452859034766,1088.4725432900245
406,396.02052906095605,835.5048302058407,806.9709880126585
407,339.6464775674341,807.5570867871519,959.3311312905887
408,568.6788238861246,1069.5913005224797,861.4344085807558
409,219.84475488530336,961.1510383846122,816.0988718874768
410,209.36363866809694,860.0569664625368,976.246557419517
411,457.2774334989427,1002.0959808753906,1031.7812430898407
412,240.84444438483212,993.266953378946,1032.4596347675563
413,351.1645929476557,836.6256820509402,809.0865230467721
414,332.69654920765026,877.8800700492859,922.0839200814768
415,351.91471623371115,818.0233892939774,813.3528881445861
416,278.63313872915467,862.9581421610426,874.3515940972309
417,207.22173373859255,839.6917024559189,857.8642108273845
418,269.29057828324886,857.9708877423668,864.5547737726472
419,571.0881557076488,1005.640143773935,901.7355242103586
420,784.5537276908302,814.8499232783204,883.2254125507994
421,794.2070009365364,830.5563845744649,1088.6839733982795
422,445.432457223837,840.2520914234863,905.7221360028146
423,297.7726556279632,894.9623362874402,1068.2517545878916
424,583.2570544199175,889.6250932555822,854.3125014562776
425,494.18320792924226,876.5191355949918,1029.1240601564643
426,793.6458663706588,1025.1609960297249,818.4036608073928
427,239.18252429106812,1099.4068363274303,938.8283688408023
428,669.9406629882878,960.1933770886387,801.6531320706578
429,373.0390983988964,1083.2608153741826,1043.0872289208307
430,344.8511720459444,918.9830336378194,1085.1458108113352
431,597.5027429196056,832.004734040814,810.5322112481437
432,347.63791099457865,922.6321488409512,1080.1539084419944
433,599.5154705355126,888.838332024408,1032.156167447406
434,510.38511032137325,948.0220886867535,907.6584736378386
435,454.4533930615096,997.1131030749269,1072.6629653668415
436,532.8126851968514,938.3150657457224,888.8771813752703
437,372.23091195177784,1080.5481536233476,922.7885936704286
438,623.9448237637873,1065.429446689814,829.0133786576065
439,448.9141216001384,1010.5932785498592,997.0816885700432
440,416.32733629153535,946.9054737093647,808.8802486226816
441,697.1941487334427,839.5061845443371,945.4715825597111
442,754.9801471719153,919.10410003329,1004.9575550757602
443,227.60438653237816,1011.3204618203521,1046.3712802847333
444,339.5761956978593,885.4656561661194,844.9824168864986
445,409.1116216955379,831.1964232630261,1026.2271098746153
446,688.9798876221485,1072.3695372531884,1015.7231070665089
447,791.2948565859786,1012.7152429446634,967.8711602359352
448,781.383022802211,984.5829279905291,975.3933793363592
449,742.9690073299561,1037.749671682675,827.3812162570334
450,377.9337590384179,1050.6938112750427,980.1413129721141
451,795.2067460486844,945.0376994513069,914.4566621212497
452,349.6520246338707,1064.3564754228319,1060.274255402494
453,263.54369292933933,1074.9257032103317,893.929664520797
454,770.5715666332364,881.4653286274345,972.9785232090574
455,340.0521532808578,982.2636079372382,927.9714199103583
456,613.8609590466504,957.9752086461408,1062.878581475094
457,235.01381538835318,961.3837337455707,876.1750000967567
458,638.4254594764857,1081.2989281893686,823.6407080928382
459,729.0321274003038,891.5566108079087,1024.5967162949419
460,363.4621372795775,1095.030193470373,923.8689850724965
461,427.4341376464571,1070.6393644412697,976.7295077378874
462,424.57770999254967,937.6168665840507,807.9167995140053
463,649.2729545240799,1045.2359790854498,1085.6329374192205
464,342.6843455234233,1030.7140982960423,1063.285513215493
465,303.11185942858583,1003.3684908855564,987.1603701731833
466,469.57498921264283,895.9501668149463,805.1089526337854
467,382.68104442639174,858.9352975462862,913.3929421948629
468,703.5134733551914,1001.4583090297274,1093.6389613226447
469,342.64509560938325,1052.8919889203253,1004.3991076220703
470,501.43367449355685,804.8758366032109,848.2963583940258
471,765.5501598187582,992.8410125925536,938.1790245963502
472,580.3986186467964,932.8619073866637,1090.0213231530458
473,720.3736432774789,1069.426326538095,960.412452324978
474,764.1258136128604,896.4418792562616,807.3843584089474
475,650.4589171318112,942.2554436790865,985.9316252827933
476,619.7450361348508,954.4301312105558,881.3649592793479
477,780.7793399625363,842.1318564113159,829.6537855630713
478,796.6404737886077,1013.8676908096719,920.8725334195678
479,471.0930096018558,1049.1429035362878,967.5569292296734
480,242.52186691052503,817.3727830688781,805.1122154143408
481,375.6764188643113,887.4166461610708,967.7140425907842
482,291.41282341263826,811.4134044605174,953.3609440518912
483,450.4918248776071,1086.9632314064727,1038.172514929628
484,278.77359708395363,1000.1506462111471,927.0649450446192
485,562.4706824125292,1089.2601258364343,966.0351289009659
486,429.68483549471244,959.4482834993923,1022.6027912171379
487,737.231530572926,1040.6205571686842,1069.1437615345835
488,780.6768030791011,912.324195163922,914.0103728071063
489,528.1309410016534,906.1457097717923,980.4900487349439
490,364.89414192055796,913.4803451315398,1008.3832710249145
491,555.338251257102,997.3586401179284,812.9812029326589
492,738.0566949346459,907.8359453064957,1040.2281525458404
493,444.04000750144894,1070.1102354812676,913.2290555646182
494,531.2469660151826,1094.9824595150467,1001.071682433083
495,362.99166056368756,809.1279546011018,941.4992198614847
496,473.2664896700162,858.086987120749,1010.7017428075121
497,441.0281212277592,833.6749977762158,1017.2992937707337
498,349.0480790497826,812.709214127433,857.4713040459402
499,503.519830295185,868.322298004186,998.6522702859352
500,386.22849558788687,934.0379961107244,1055.3970313646262
501,423.82091832844844,1051.097109586605,870.6701601514924
502,514.9822653525586,866.5472091529988,1027.4550409681633
503,650.3570137573925,948.1835766986603,990.1475339465671
504,400.1044794747652,1078.8856218340263,1086.5378103417693
505,754.4952599724581,1000.1644120360024,878.0739731875283
506,717.3911281015414,1039.4237059267994,846.2833332974011
507,229.21417758531712,965.2981910556459,893.63630458451
508,352.18551455409363,1094.139937652189,877.3876334593756
509,467.68130759552116,976.5986464044422,1027.049828142054
510,262.7767332454845,813.6532141887775,1019.9327911540395
511,409.08559342009823,859.3948399819385,1000.9054702566002
512,644.0585153706095,921.4320886871444,864.9137343375463
513,608.3086886856955,980.3831517721329,1058.542042231727
514,573.4306571396029,1031.579260222688,1086.9714667576784
515,626.3170416334074,923.9258377711659,959.4817454325934
516,322.95421217582106,1013.0174915047066,994.8118191888158
517,405.0188689188393,1036.9608509327375,950.2076297061686
518,605.7454893664777,895.1780591749948,885.0673145307811
519,727.5408578187962,1093.7810720107454,885.8442811989812
520,526.2068322968571,994.8969485707507,894.026156820474
521,369.61979056732196,1064.2994182358393,857.2550012492462
522,218.14115480358956,966.781306642582,1070.5770897887953
523,626.2020973845281,1022.4809321456971,1057.5194402140057
524,204.73046210506422,1031.1632184849095,938.491808395651
525,423.6074418925973,1072.4745137703737,910.1754237680511
526,518.3223287376691,845.1049270614111,1081.7235069641297
527,753.2668770603158,967.4850272507746,866.712040769843
528,253.69672701974008,928.5135539317569,966.0625878400405
529,443.5653931809702,1076.9477063521222,816.3494466626488
530,214.58791982609466,831.5284082746998,857.3606591052347
531,405.5665906049542,1094.772166604274,981.2080800078529
532,573.338635303877,1062.635397227989,998.6550958532509
533,367.440768937159,822.1478844692746,974.2987456019719
534,325.84996979338104,947.2899156621423,1060.8804247997869
535,269.4219399962562,1015.2678500637578,1098.021566246824
536,546.284146412205,1021.445463707317,1029.1585526458734
537,617.1620035428116,1071.9482375713762,939.5275352431277
538,603.1742843574934,1039.9596306746932,1050.1804008362308
539,769.3166124323044,893.2791141032269,836.1162182498005
540,201.62192833610163,949.5304357587357,1004.9812089337789
541,588.3179923364216,1010.5357288807562,955.5013362360302
542,560.2353422585837,841.5310524093054,853.4197658767155
543,553.2437659821729,858.1972392800592,1091.8800851840642
544,777.6621919041454,944.3127344329617,901.5312259336242
545,210.12300402202382,889.4737396116539,984.6270217890151
546,617.8894584208701,1058.7677749352285,1063.5782712574855
547,688.207189821118,975.8831964561854,952.0066531744462
548,505.8843179729505,904.5995593155103,834.5413550529296
549,400.3789217580855,1054.649907681323,1045.621725304187
550,674.504097936443,1041.4635345662716,905.9641301176401
551,258.3457553794548,1099.506463129781,1094.9200606675518
552,465.2213826379552,1054.1923065001204,1065.1476339333674
553,511.9714247425029,924.3369604417039,1056.0348000046872
554,616.3738465607285,838.2496645309966,906.8759532613699
555,254.53143921944567,1052.1922724601434,1027.1389333427196
556,336.65570092271656,817.9273753881182,1095.8987189004765
557,446.1809376140754,905.0813622034563,957.8964835853994
558,573.9768038120784,1075.9213942313822,941.2196464865694
559,732.1764687304506,1088.2299420335303,804.3997462916212
560,571.295700944826,992.1693780563655,1010.0611306204809
561,280.07688256096066,1006.5944950951141,1057.5432705805563
562,788.3480796723694,812.7363466176567,874.237155824549
563,723.0714408532957,954.3441023268643,894.5073731343971
564,501.6324566871944,964.0604536419023,950.2031063978469
565,753.4087890779798,902.0302238372333,821.6240472084551
566,524.8284762542814,820.5790504261653,826.892742829621
567,753.9836407334979,868.6722799173182,926.3332276664242
568,697.9384211620059,907.395181058359,878.3656858110265
569,780.9718461765784,930.5425959548988,921.8111907598305
570,751.869686466895,977.2780176600708,936.3158894299814
571,221.6202904571417,1016.7174556094709,1092.8820190217355
572,304.863202496564,895.2895619821838,1083.2779460308511
573,433.48080626071146,898.686127975695,841.9190454619298
574,771.2856183772525,805.9074928171111,1064.775792119674
575,380.01735168555774,812.2624580282055,824.0619986990235
576,296.28058633256063,877.3465082925609,952.2906409153262
577,731.782799651936,1022.073499302487,849.1729700329296
578,467.83664928992175,988.4941491121737,909.7676436070802
579,744.7253566125956,1030.9367062033505,1023.0020676945994
580,296.13827979208594,1030.6758308644464,927.351643807055
581,596.6705069048596,1056.9702403007905,1042.0853862714002
582,464.1582516976951,1016.095779796065,1015.6447133112625
583,245.89206141817124,1093.7032757002469,1082.8518338633048
584,617.8778867915004,1069.6475657905453,960.2468061757631
585,348.4392533234922,976.0151498669702,1040.6443861963385
586,223.76931354771062,976.4473011473515,896.8721319011156
587,235.96657894974396,810.2801121056689,903.7237535269594
588,236.6471222400724,1099.5579733125064,920.1531390744516
589,744.6397744910237,839.4727992098425,923.2747202894267
590,643.9303506974607,1022.1041589894776,830.9759661997923
591,738.837414328241,1046.3045585372927,955.7296817995591
592,603.5493867779128,911.9163587915609,829.0409657807077
593,517.3639574185299,859.0556163995941,1066.9286407459292
594,382.66781860842696,829.6279660371665,818.5534349669879
595,798.7773507972041,1024.5818017488734,934.9083290927927
596,417.31343536363363,935.7960587617088,885.4082199171291
597,482.3893695283457,1014.1153277003407,846.4608246963437
598,426.9471049540771,1074.6222946555401,1035.1510072526637
599,787.7161576012752,843.975120845317,1014.4797196758577
600,304.79503123700346,1075.75130021714,843.7843670544539
601,396.7928005448478,923.487937852531,989.829692331893
602,608.209199609001,891.5801029691867,1037.766550199134
603,237.9245710031784,1082.9186781808337,1031.999666110966
604,564.3496244069246,1097.1955077819198,827.6838792990085
605,486.58790172584963,859.6676653302344,1005.6538157137329
606,370.39998605726066,997.051504085595,1014.8071762650732
607,343.04796855443476,831.9485941313181,1058.6498801126081
608,508.70764597925404,995.2742011572517,952.413301659496
609,420.75654832222483,1048.1939683327548,938.3282000910071
610,473.9119347575932,1005.3495639572203,1089.534897475841
611,402.486429058544,925.1999426187788,1038.953676721626
612,782.2962161575865,914.9199078691308,967.6192972419467
613,280.0636590473624,917.9367245670251,899.1851213933838
614,258.08237190702454,976.913545397877,1053.5713988010532
615,406.0350372745496,1064.4701810217487,936.6309168393213
616,554.6161405222947,1078.7198471806305,827.8055576474482
617,595.505883110017,816.0588860621955,936.471281814032
618,438.35404830082524,854.4867183937065,1061.5905188450438
619,799.5667963533026,833.6672947484866,934.4846440683336
620,411.13579771582556,858.0003922300742,804.3047443221051
621,632.8440007759715,903.9823431827515,983.4455971749409
622,582.5496167184757,951.9595047867872,1098.7490010234196
623,687.8323179484764,988.8383681027457,1045.1745752121535
624,785.735398072292,1019.6426657419104,985.1713839854444
625,733.8761938673241,1067.0334624157422,1074.3196660393655
626,658.7371846146252,1096.7265311689373,1044.0745044953187
627,618.9490866909744,998.8569435671359,949.5918058220121
628,401.2989018055398,1053.6093556003289,977.3660856222145
629,288.6113469240244,1033.4116540774096,1019.387842760906
630,237.58160183588586,892.2596117656136,1053.9278491936593
631,345.1410225208909,1062.7076810704768,817.4529207130134
632,459.36888870877914,812.8289413843396,1032.4411571483454
633,513.1977641779895,800.1102031254374,934.2510319934606
634,663.8501324329229,882.1197888165393,998.2395680904622
635,775.2445538339558,938.629258888235,1029.389903287655
636,270.3922882308866,991.5088685002032,961.8505775082344
637,264.20248411627495,830.5310799633635,847.5544551741198
638,553.8168338081305,1001.903040150452,922.8580494554799
639,647.2388443683758,1040.5447601179085,823.0618981257139
640,708.8902282081909,855.59387587381,1006.7902073465791
641,761.4992481300732,924.5375764495382,1086.111854588925
642,790.0557453563852,955.995496985993,1038.575843667256
643,439.8810153347155,935.5421054253442,916.9359268361356
644,428.2011101165439,1039.9489792665413,975.2874488016483
645,288.68520601836343,1088.1567194357992,891.2602027540607
646,610.9606632101356,1039.685949202454,962.3136798664896
647,594.0571750645022,823.3978453627474,890.2180717353921
648,717.2375575107244,1041.480671647738,1021.497427039583
649,258.35479687258436,819.9788996706653,877.8024523961076
650,498.66614469520505,870.791115572471,1089.2061171301684
651,548.6491578032378,845.9290690507169,998.5846196520595
652,344.93422402395106,859.2557320538256,820.6333543051531
653,301.4152436774968,958.4945381172051,803.233329051708
654,715.7485018517729,1001.506957283256,1099.1139032615301
655,235.12095334133528,941.0963847008122,866.151673464738
656,482.37254235084373,1087.908691708773,893.7688245371533
657,269.50040078053115,872.08769600905,862.5242042606325
658,474.2352567988204,1028.942069076438,1078.4305317413546
659,787.9773958053855,1061.0546535521446,995.6038579005842
660,454.2238120732837,968.6198332264157,951.3158970668333
661,714.2749505027404,936.866750588466,967.2952443477711
662,270.38933850991634,978.855334033773,895.3618541897562
663,362.75124605711846,928.6429310481029,984.2525007091524
664,442.27564440040067,966.5581646970109,925.8801090364796
665,439.8872840055984,925.0801856386405,859.7684439272538
666,602.8300872020918,920.1409130882403,996.9815299129644
667,406.8308764253046,1008.603940441859,912.1521707777636
668,628.2601210460098,827.8553639203903,1035.5199137351485
669,583.5121395352355,849.9626218186462,924.6184872528581
670,439.49668715286384,1055.3595415145012,952.4814125138589
671,459.0560765925916,1031.3232040445564,1036.239943754269
672,568.7166198861925,884.4361181883181,934.3634278759193
673,242.02531408678678,913.1806797997281,1089.8663405372495
674,693.4440430134142,1077.8079519885441,1037.9086001585335
675,592.0526966681821,1045.4231675521585,1047.9291215944936
676,635.8054786507012,984.3038899938892,1086.1761400111184
677,522.1538006494343,866.4470536408874,916.6551886529622
678,266.28626659504687,813.2755913945808,974.0240792546513
679,443.02136797816996,929.3773540525694,1008.077522238681
680,443.22414970913366,1001.7881417772386,1002.0375450621892
681,392.62579402593013,1048.5441471553554,1085.8810383683058
682,217.97019494284962,1055.8067017226808,886.5045901635003
683,642.3525455578864,809.8327703880091,887.4084585877976
684,265.8706748375004,873.2471101510638,1075.401320611744
685,563.7848798270511,901.728376543221,1039.791692517968
686,621.9304978803295,856.6196632878158,861.0069872208793
687,580.8717937602169,1040.8926135091513,971.0140634278303
688,775.485351186785,1030.2397289254827,1023.7291202288984
689,261.97889305108316,955.0499121142913,905.9109171342527
690,720.3002954631195,1094.8779433987565,930.3146753664171
691,217.51414090934796,843.2175623272527,972.6189834982679
692,520.9501129562505,1069.8955109983008,940.1325672644632
693,442.54617076355527,834.9389762485748,1025.9127170207098
694,514.510316236255,848.9545116542362,801.781626104921
695,419.0599262360059,1008.8657600751857,930.3897573173151
696,314.34014896404085,832.8709076125068,901.2744125986615
697,211.47373846921386,969.7535286256133,982.7492158489481
698,510.88988827470456,926.0700609417961,1032.787532564408
699,705.6661176109053,1018.5421896623045,822.8435486604591
700,423.9295734468765,1070.2025716426597,847.4179200803577
701,333.7182908089882,1030.9614544007165,999.52448724261
702,248.31920208310646,1054.9069629263565,1021.5207323046251
703,251.18655387122203,809.8836345593697,976.4605331236506
704,332.8378677756633,893.058649473261,1094.841004690378
705,260.0084365529331,954.6299260058997,949.8384467319725
706,359.0238190186892,924.7859943889339,840.887700529293
707,239.68967727017284,869.3764858939065,1005.887318111324
708,239.36292032595537,892.362229388007,980.6226566584394
709,713.7657077736692,1083.6292911174817,977.126442509079
710,297.27215642529995,888.2542639614055,963.7560905739194
711,535.8094434940688,906.1712330539357,1081.7287128648618
712,664.0733266694183,801.1129321250056,838.7469190479674
713,473.84573920343996,1053.5232881833624,821.9591895574935
714,292.0213267156074,846.452211020473,846.2351508131959
715,319.7576852720686,861.2432826541178,873.4970629714851
716,459.79052376870845,876.5793551276076,977.8838958309407
717,516.9404535071214,1065.3866170534527,983.7275747290203
718,409.66417522912093,861.9354233738944,869.7805632371253
719,668.8877601407968,1039.257908260382,946.7676497932813
720,650.6129893138391,1042.4148020968714,944.6185558303205
721,756.3270844238707,1078.1061706359187,935.9332298855675
722,217.37152941617632,834.6683940800942,1041.0635884737974
723,737.414774726122,865.1836917013494,941.5079209626896
724,435.5412730772906,1022.8694876242164,1027.5096487868498
725,727.0234972279965,858.8002262842217,849.9443395414394
726,614.4708656939177,885.8988640620347,959.5902032219504
727,792.4092542443809,850.0224740334088,1047.2314328189586
728,655.5694710300008,851.8090058465148,853.3149751748773
729,418.726775598072,944.4660063884617,939.4766506092988
730,500.63790370085127,832.9049186338875,982.723794810715
731,425.8334931166107,896.5092855390867,855.4323724511862
732,418.94710161274287,927.9781728796637,1027.0296817734209
733,356.5426996286359,807.3644349571932,823.6988743388953
734,497.58217722408176,916.4999499423358,1083.9246526723157
735,609.0439670416167,828.2367308256551,940.4664482654407
736,366.40416278314615,948.073559343853,900.8369259096429
737,514.627886646332,1047.7214565671288,835.0421021487921
738,270.4281765023343,1045.526648654536,929.7789929203594
739,295.9071721125148,824.1345546612201,997.9412088172315
740,228.08381282731324,980.3683273023561,828.3461837427152
741,782.4388656623797,1050.375914591371,891.8807285503245
742,202.31621090615667,871.3917628803906,1050.8052748318132
743,307.1479808345938,1028.5779534348796,993.8543076794981
744,567.7200518701954,1067.229303935028,861.9119035572871
745,248.8217593119832,1041.8372454321332,848.2729387379268
746,729.1379018580994,832.1903094546514,1071.34550786027
747,631.7720947053729,802.7179998567154,886.1060664022953
748,779.8339828627361,857.5172329765537,853.8500506695891
749,504.58132834445894,881.143202283987,1099.9892055627806
750,380.2422098950923,984.8548971847879,892.7575483333718
751,529.7003436771629,915.2819525726956,837.4220563428091
752,758.4912303787839,1011.0221091984421,938.5272889258841
753,512.4568623451163,905.9224881564826,930.3035330595446
754,360.3242191173912,846.3276273963801,1078.0407427490993
755,726.4392735044718,893.8069530458106,840.2614842428915
756,423.1512491074768,1065.2972679167406,827.340921838792
757,200.8300099993995,1087.5597032735195,827.893601272004
758,348.61101349538956,862.2538202202105,1071.2862397466708
759,390.94010550623744,1036.5405161073325,934.8107533883231
760,715.2664809391413,882.0046209619612,845.1819584465677
761,475.101900239867,1066.1394630294221,978.1490295137871
762,466.75237268678046,849.6636838388766,961.2870066952496
763,401.6613598399324,999.787975608217,859.5220243246698
764,728.4068738282477,825.2633794139548,980.9114418279113
765,767.0160661642349,1092.1679971921608,902.0693702950837
766,795.1341974927776,1010.1900033921629,871.511230319261
767,426.04476017659204,1052.5447218215256,953.1201832697084
768,779.6884673763028,970.0008018089104,887.4947784549163
769,675.1277417785408,943.040409178658,866.641976528364
770,605.4134885865601,986.5647174183096,1063.9167224899022
771,346.9336876520597,958.6224535098345,846.7287729720252
772,329.8743565665259,940.8153065435458,884.1769931854498
773,299.6286947127474,1027.8350754372927,915.8415139549477
774,753.6539661352192,853.4602864817805,882.0914930900069
775,376.44599742989965,851.3516144465475,863.2131927733309
776,471.85654726932705,929.5527951949118,1031.3438291163764
777,496.3747003923341,896.2243748134838,898.7048476170744
778,666.9029572701525,822.2373553739072,833.7538873098015
779,706.5409769318145,1053.3411477256204,962.2685487370087
780,283.4436206891677,1031.480842008305,837.6465491709231
781,456.1426161266442,963.1764499408954,907.2558822322784
782,705.7129327012742,1093.7973611793107,1064.548028681685
783,690.819983453503,821.7800199642816,910.748358531866
784,261.44825507144986,1030.0007903083624,989.752692286475
785,293.8300093207778,879.9111174827291,954.3876608025894
786,382.5192149596447,910.5796759830727,841.3174537333927
787,245.2154414500042,865.7838155609203,994.7208793372506
788,454.7978017043557,1036.7113674385596,1056.8104990801419
789,264.5706230897491,843.2720306064698,827.9637422136033
790,540.9305562019069,1052.0050093205834,1026.1040267389376
791,347.9341638866937,998.4732944689501,1007.0633844556935
792,557.8598392097736,817.7069735807344,1059.9981724991437
793,270.5153857421826,1043.2945194800461,831.2275796400401
794,785.53032105112,988.3267148488939,891.7086138190036
795,759.5367223144043,1071.4946958735025,1008.2874461679122
796,435.0781631387995,1024.6166919225916,806.605393665995
797,345.30715647565125,968.3362782289324,1020.2227033191466
798,350.23892771214366,1050.9641541857593,1057.3935737003362
799,490.0361211214352,883.4150714903666,935.9912157130273
800,223.99568114043018,964.0850185533691,930.2989710279957
801,583.8230636450762,888.085045941023,883.5406886208098
802,444.98174500384687,1090.4613173271525,801.5155610015262
803,426.44394355333236,867.8588902526019,855.8910549999068
804,685.618982893519,804.7214719011388,1093.9592355267114
805,625.421276109974,897.7564526011389,1060.185823136407
806,772.6002892356153,950.7528190909414,879.9513916246764
807,411.16174429741443,808.5088802690225,1089.124657136314
808,738.5256587896433,967.7744900101723,910.3137847859857
809,661.9803117500533,1062.284832485369,889.275612425354
810,414.4547909568278,1011.419658325001,845.8422906349656
811,572.9992618719547,986.8904968934912,1070.4833208532023
812,373.14197459101734,1086.7885252124754,1096.0977473200578
813,724.6399502449054,1087.4838001526318,898.2234212158047
814,267.45639032738677,1047.2799409109687,1011.0291270075281
815,327.4606167764246,982.3225542157553,900.5910229428664
816,309.8199752479527,946.329367849312,831.4972217916365
817,441.8156014425732,803.9948339739402,917.8076920646972
818,647.1397760192774,981.8785718679624,965.4709882283528
819,516.1444694313082,1096.726422607056,836.9050277529483
820,492.6057941229245,1045.4303150072087,1045.4818324369282
821,200.3275789381974,902.1813931653056,949.2089350679869
822,455.24103521303283,845.6141075133266,870.3148857513719
823,238.13226490169507,1035.2175843401462,977.827873562883
824,324.9519512728903,1023.1813461895224,1037.9777918163206
825,759.4363633762966,1090.1140375937969,898.2873047155928
826,329.2389226059429,1062.4527085818017,1010.4428973201783
827,715.0025831805575,966.6987875817222,928.3577539942062
828,681.7360229368005,830.3852740894226,1089.2153506536802
829,295.4877421653457,945.0501975151881,1031.2820259808195
830,563.4271743621673,894.1085162066951,906.9052707566063
831,269.397123143008,953.7225446074519,805.3243877185287
832,636.7328950217069,890.510472391896,997.2559686141284
833,582.4773664233239,1058.5468975926788,859.3616475754557
834,687.1631370146116,1053.2981041948467,836.5637526947398
835,487.63072963351283,894.6395471501168,1079.532935419038
836,748.9178527000297,979.8744039121984,1099.984691064475
837,229.60936807306382,929.0542572917162,880.9666461693155
838,375.7331390162088,1072.7278271085688,890.5305656497815
839,629.0315584791002,856.2082704278969,849.4966817714507
840,450.8655270488005,1009.3185205354878,937.3054327788872
841,303.77081256269383,1091.112598351165,1059.7531279507243
842,264.3264472571276,852.5826558689271,1010.4517856374633
843,690.4034668769729,860.589928527261,1053.8994674229764
844,483.88578707938655,1008.1170016016683,868.5444967020742
845,729.3702031514645,1033.7461773574742,1019.136820222544
846,639.9734805900357,947.1647164381798,1075.557988518818
847,445.8357233784461,982.9059395441363,884.4248342643172
848,424.1066084934102,863.8047226435486,1007.1960630773556
849,509.383007990751,942.9842685701979,920.1972235069563
850,733.4359719138372,833.6215642624745,887.0679935476768
851,642.3671478285007,896.4265775826995,1090.887040626305
852,203.09177856141395,885.4339115092863,904.5899689904878
853,616.4947108214753,933.387608030726,832.3549043782061
854,751.7044441434924,1079.037908673109,916.5767628861007
855,626.273455702695,854.3802986443527,934.3034872879947
856,306.20346894049754,920.4164739874161,1025.6632476497714
857,490.11087645647524,984.6791657328934,1084.9742800841009
858,284.1896107540516,1083.9671258222006,1045.1170951382637
859,415.39716700377926,839.9444574607304,1079.2823933765317
860,762.2702251643107,1075.3629850979341,942.5180389924793
861,753.983184535225,824.3161365902184,1015.7949704709303
862,369.70211130564974,944.2224191480793,892.7148755037207
863,403.7786264997195,936.3769601691448,820.8761325557053
864,560.1277208787764,862.8808186631586,909.642057597798
865,777.918377156228,904.2379004347542,1009.3745684984893
866,288.68080043923425,936.2495805045194,882.3866330744131
867,354.14998621200147,1059.5634388731887,1058.4217686924562
868,724.1340963744628,1086.5192436120678,1037.2318549948704
869,495.1353390250067,955.6777035911496,858.2127647553809
870,739.376655336219,1061.0299370883265,899.251028747242
871,311.3107385139058,982.4514757030338,1047.5907852647274
872,519.6011524828164,904.7262025963026,873.1813368533898
873,395.7617795896234,858.2582622840407,899.4806437001392
874,389.92553593548564,923.9404315348295,902.920079726926
875,468.1261783677195,956.8472848771544,1040.31260834773
876,459.84646946076106,813.3330164778669,811.109079681505
877,414.40812780677265,843.7523497612552,822.1360949364243
878,748.9824621893712,980.055327194432,973.5354644488813
879,639.0465112597357,867.5004784031486,919.13359729882
880,636.5281947989179,1051.1979128243893,989.8655958832123
881,373.94806975517326,898.0826749322572,879.9383828538148
882,546.6256545901042,831.4502621759752,1072.8748032444682
883,667.5076599811005,825.059176566595,1028.2825661523368
884,677.3542211259278,1081.136906159534,820.3238661651188
885,406.71827645258736,835.4060933725638,1035.1716431855102
886,662.5236539411887,842.272929248618,1090.8747116936754
887,641.5363380846397,1058.799817379826,1082.7306861762418
888,284.90389137314014,876.2864390832032,1020.6451394076344
889,719.5672811398864,999.7854232263248,837.0781260443647
890,464.7928821082465,1045.0177061089673,972.8230297521362
891,491.8462693331993,982.1541920390576,885.2698186521467
892,469.0215073387984,1087.246563034355,1091.0638830908742
893,540.7076008865045,1012.6648697782524,1015.2457176084828
894,572.7015484202328,833.8254529710975,983.2296769362258
895,498.90773945776607,967.523007963764,1008.5264127814179
896,720.0731259554574,1015.4559578267551,931.3937387329041
897,576.6408537171707,1040.5871721120336,911.821025431282
898,440.856769583312,807.8964005852274,1080.7398738319894
899,450.0150541452266,1015.6636745814274,899.578140437806
900,686.5031690773708,1047.7042463058349,812.4308395198158
901,408.9151656479121,1024.050143280607,920.2520462463372
902,326.8728774694481,953.7047436966794,1037.1021057865016
903,235.62991280347353,937.4062889266409,994.5405074146759
904,725.6161087523445,964.8255749899447,1088.6512326433624
905,751.12787071421,1011.3931096479806,831.8605602857413
906,272.0721092980856,1076.8742871897457,1073.463890668815
907,400.6842448976689,985.1105631923375,910.6547581742186
908,305.22324170914635,1066.3502918850409,942.2007756265737
909,269.5390812955278,1010.3770542337182,928.5446463467704
910,739.9200458000181,820.5009132316543,834.9356843277325
911,234.1263554872133,950.2484570004865,874.3389367175566
912,788.291398081404,885.9459044945727,1022.6814707689376
913,257.8705164184305,885.5524784397717,806.9022625537085
914,718.0823895161515,906.7782653647953,840.1663323158823
915,539.9036641934977,894.4198316001427,807.563050637405
916,420.75049269072406,973.58299403513,1057.2164171970649
917,405.4054259750947,1005.0804501060671,985.1974483345339
918,654.4184859426252,880.6248161230207,850.9785986355677
919,388.74397700257236,838.9287867705144,1030.631666916126
920,594.3913499702851,817.6426162803386,1090.0401792354662
921,510.39565010964805,972.7258535091656,1080.3681123590054
922,490.9793870948423,855.8390498999007,1076.4642643436496
923,740.6973023894969,802.7743982671099,802.343064621723
924,532.7870351721558,1078.3259237971113,976.7040466955835
925,696.116961829217,961.1421257249722,876.9897849917088
926,635.3441204608937,827.7344540740918,969.3941642929576
927,223.13434763539902,1052.8763336382456,895.4090867481664
928,663.8660315032515,1094.9608214870354,846.0999628317837
929,330.1221500546244,934.5801986053152,933.348117007504
930,741.889788110943,812.7468824714474,948.528898152912
931,225.7545143652992,835.2637822268191,1096.9296520542873
932,399.8432206845913,914.4961239936297,812.716365241562
933,259.8397683408524,1065.6567912346632,890.346559669183
934,485.35347025090624,844.4116037833286,1055.5681535264969
935,692.013461521851,1047.1970282008087,997.9086494378129
936,378.91241579783843,804.4928780657058,1048.0049095537688
937,290.56093838662497,937.2166096357433,998.0872755679334
938,398.1602214181395,993.3191422851704,1027.86089274384
939,688.3280851523816,818.113844607679,947.8765249991172
940,284.23037467960813,984.4288251849459,861.4633078692792
941,336.41746944650106,1083.3212364408669,1043.00115825116
942,241.31117869602437,848.0779760409786,970.3461963991907
943,623.4260263937647,1018.8834149106058,841.8515581360489
944,437.1399461218021,982.728169383063,1041.4682080612597
945,386.50398628598964,855.5349166637692,1087.5757731087735
946,631.1758342046912,801.8610244128098,903.8491617885397
947,401.5865254041531,802.7853351517781,888.053675625933
948,636.6627639286507,959.6277227516086,824.5325534622698
949,689.1196371885881,1082.833822868358,999.3473679348247
950,330.59770607464304,993.2895882396838,1087.688485548949
951,784.29121810759,1014.2899538881231,840.7978069974823
952,297.4147687476001,948.1596460761612,945.5478893957946
953,374.50454399404555,974.5666827903709,829.4714553959743
954,307.87717450012497,837.910257599181,810.2329711129447
955,407.30339381380065,1063.0461861201893,999.3503152002936
956,488.03653269245336,1028.2377886000406,1060.3061526030494
957,513.3055214012714,1099.4596858533828,901.2711608378089
958,712.1636253777632,889.3168842666864,1062.7295523230298
959,733.66874528952,868.1053315388174,835.1159297453096
960,332.0623164685438,837.5484973884029,871.3882045752429
961,573.7364193114515,1089.2629269848135,1070.4820180720155
962,266.8976343792294,1034.2655553884072,952.5529681072011
963,475.381916109241,849.8973841158916,982.4577151391072
964,393.4001228279709,965.8059413324642,811.4054697627523
965,389.90044727216383,924.130462420183,838.5169730443666
966,489.5505450272606,845.4458023418579,816.737243750256
967,637.8965813175605,848.6218955089896,1071.5002219849007
968,241.5095952754337,1089.0409984235557,840.4384891612841
969,727.5040026124427,891.4892548873166,1054.9018479826264
970,640.8882647783366,1082.431787505183,905.3104098117359
971,305.8996333334361,822.6832019195253,1040.179248909734
972,763.4965454524222,938.2409126879572,909.5130642370242
973,503.7873344140332,838.885714555028,880.3052119078629
974,799.8851468701791,801.4362155723517,828.0982103567171
975,318.3556845804426,966.1298221118229,884.2119771722402
976,520.9449190299208,834.168231443409,941.443915015184
977,374.14882553595703,1016.6073592801039,1045.2526396690387
978,382.50413443354796,1009.4349127120698,935.7544864306094
979,554.6392285003941,852.8998722393468,1091.4306724812852
980,753.0314401224999,1082.522642979655,962.489903256447
981,683.158313347505,1016.3130225297468,807.483688943433
982,634.3648391007955,889.391079247079,924.6101900573817
983,535.5042692610214,1012.7701291852372,1006.6697322159541
984,753.3791022004687,1019.5790833044608,870.2874938749475
985,495.41684401453045,902.6678993752881,1009.5889852544476
986,724.2993070008309,912.6765687384377,951.1091915544548
987,700.388986325979,907.73195229599,807.7213326749346
988,328.30120808095194,984.9855330656222,1032.3058848440617
989,662.7352777795461,1070.1230439620538,968.1121111442226
990,207.30269416595524,851.9579708685762,824.748050924328
991,393.6977225288525,1062.5598829508956,942.564210038682
992,337.74046681516984,808.2959469516028,886.187864532424
993,504.11777509238806,998.1015787934667,1063.90446277638
994,642.1118970084713,924.3316619569083,885.4781158421746
995,258.6058204686345,1037.3844656697481,1082.5061212922596
996,508.95332116206106,1016.3594338792709,963.8398248041337
997,763.0472130166314,944.0323421435552,897.0841128640163
998,337.1879305897673,993.159211016779,1044.0635052252733
999,606.2846864668545,950.5319392099835,1009.2201135097298
